"year","month","month_num","gov_gop","sen_gop","rep_gop","gov_dem","sen_dem","rep_dem","president","month_abb","close","unemployment"
1947,"January",1,23,51,253,23,45,198,"dem","Jan",NA,NA
1947,"February",2,23,51,253,23,45,198,"dem","Feb",NA,NA
1947,"March",3,23,51,253,23,45,198,"dem","Mar",NA,NA
1947,"April",4,23,51,253,23,45,198,"dem","Apr",NA,NA
1947,"May",5,23,51,253,23,45,198,"dem","May",NA,NA
1947,"June",6,23,51,253,23,45,198,"dem","Jun",NA,NA
1947,"July",7,23,51,253,23,45,198,"dem","Jul",NA,NA
1947,"August",8,23,51,253,23,45,198,"dem","Aug",NA,NA
1947,"September",9,23,51,253,23,45,198,"dem","Sep",NA,NA
1947,"October",10,23,51,253,23,45,198,"dem","Oct",NA,NA
1947,"November",11,24,51,253,23,45,198,"dem","Nov",NA,NA
1947,"December",12,24,51,253,23,45,198,"dem","Dec",NA,NA
1948,"January",1,22,53,253,24,48,198,"dem","Jan",NA,3.4
1948,"February",2,22,53,253,24,48,198,"dem","Feb",NA,3.8
1948,"March",3,22,53,253,24,48,198,"dem","Mar",NA,4
1948,"April",4,22,53,253,24,48,198,"dem","Apr",NA,3.9
1948,"May",5,22,53,253,24,48,198,"dem","May",NA,3.5
1948,"June",6,22,53,253,24,48,198,"dem","Jun",NA,3.6
1948,"July",7,22,53,253,24,48,198,"dem","Jul",NA,3.6
1948,"August",8,22,53,253,24,48,198,"dem","Aug",NA,3.9
1948,"September",9,22,53,253,24,48,198,"dem","Sep",NA,3.8
1948,"October",10,22,53,253,24,48,198,"dem","Oct",NA,3.7
1948,"November",11,22,53,253,24,48,198,"dem","Nov",NA,3.8
1948,"December",12,22,53,253,24,48,198,"dem","Dec",NA,4
1949,"January",1,18,45,177,29,58,269,"dem","Jan",NA,4.3
1949,"February",2,18,45,177,29,58,269,"dem","Feb",NA,4.7
1949,"March",3,18,45,177,29,58,269,"dem","Mar",NA,5
1949,"April",4,18,45,177,29,58,269,"dem","Apr",NA,5.3
1949,"May",5,18,45,177,29,58,269,"dem","May",NA,6.1
1949,"June",6,18,45,177,29,58,269,"dem","Jun",NA,6.2
1949,"July",7,18,45,177,30,58,269,"dem","Jul",NA,6.7
1949,"August",8,18,45,177,30,58,269,"dem","Aug",NA,6.8
1949,"September",9,18,45,177,30,58,269,"dem","Sep",NA,6.6
1949,"October",10,18,45,177,30,58,269,"dem","Oct",NA,7.9
1949,"November",11,18,45,177,30,58,269,"dem","Nov",NA,6.4
1949,"December",12,18,45,177,30,58,269,"dem","Dec",NA,6.6
1950,"January",1,18,44,177,29,57,269,"dem","Jan",17.049999,6.5
1950,"February",2,18,44,177,29,57,269,"dem","Feb",17.219999,6.4
1950,"March",3,18,44,177,29,57,269,"dem","Mar",17.290001,6.3
1950,"April",4,18,44,177,29,57,269,"dem","Apr",17.959999,5.8
1950,"May",5,18,44,177,29,57,269,"dem","May",18.780001,5.5
1950,"June",6,18,44,177,29,57,269,"dem","Jun",17.690001,5.4
1950,"July",7,18,44,177,29,57,269,"dem","Jul",17.84,5
1950,"August",8,18,44,177,29,57,269,"dem","Aug",18.42,4.5
1950,"September",9,18,44,177,29,57,269,"dem","Sep",19.450001,4.4
1950,"October",10,18,44,177,29,57,269,"dem","Oct",19.530001,4.2
1950,"November",11,18,44,177,29,57,269,"dem","Nov",19.51,4.2
1950,"December",12,18,44,177,29,57,269,"dem","Dec",20.43,4.3
1951,"January",1,24,47,207,22,51,242,"dem","Jan",21.66,3.7
1951,"February",2,24,47,207,22,51,242,"dem","Feb",21.799999,3.4
1951,"March",3,24,47,207,22,51,242,"dem","Mar",21.48,3.4
1951,"April",4,24,47,207,22,51,242,"dem","Apr",22.43,3.1
1951,"May",5,24,47,207,22,51,242,"dem","May",21.52,3
1951,"June",6,24,47,207,22,51,242,"dem","Jun",20.959999,3.2
1951,"July",7,24,47,207,22,51,242,"dem","Jul",22.4,3.1
1951,"August",8,24,47,207,22,51,242,"dem","Aug",23.280001,3.1
1951,"September",9,24,47,207,22,51,242,"dem","Sep",23.26,3.3
1951,"October",10,25,47,207,22,51,242,"dem","Oct",22.940001,3.5
1951,"November",11,25,47,207,22,51,242,"dem","Nov",22.879999,3.5
1951,"December",12,25,47,207,22,51,242,"dem","Dec",23.77,3.1
1952,"January",1,24,50,207,22,50,242,"dem","Jan",24.139999,3.2
1952,"February",2,24,50,207,22,50,242,"dem","Feb",23.26,3.1
1952,"March",3,24,50,207,22,50,242,"dem","Mar",24.370001,2.9
1952,"April",4,24,50,207,22,50,242,"dem","Apr",23.32,2.9
1952,"May",5,24,50,207,22,50,242,"dem","May",23.860001,3
1952,"June",6,24,50,207,22,50,242,"dem","Jun",24.959999,3
1952,"July",7,24,50,207,22,50,242,"dem","Jul",25.4,3.2
1952,"August",8,24,50,207,22,50,242,"dem","Aug",25.030001,3.4
1952,"September",9,24,50,207,22,50,242,"dem","Sep",24.540001,3.1
1952,"October",10,24,50,207,22,50,242,"dem","Oct",24.52,3
1952,"November",11,24,50,207,22,50,242,"dem","Nov",25.66,2.8
1952,"December",12,24,50,207,22,50,242,"dem","Dec",26.57,2.7
1953,"January",1,29,50,222,17,49,220,"gop","Jan",26.379999,2.9
1953,"February",2,29,50,222,17,49,220,"gop","Feb",25.9,2.6
1953,"March",3,29,50,222,17,49,220,"gop","Mar",25.290001,2.6
1953,"April",4,29,50,222,17,49,220,"gop","Apr",24.620001,2.7
1953,"May",5,29,50,222,17,49,220,"gop","May",24.540001,2.5
1953,"June",6,29,50,222,17,49,220,"gop","Jun",24.139999,2.5
1953,"July",7,29,50,222,17,49,220,"gop","Jul",24.75,2.6
1953,"August",8,29,50,222,17,49,220,"gop","Aug",23.32,2.7
1953,"September",9,29,50,222,17,49,220,"gop","Sep",23.35,2.9
1953,"October",10,30,50,222,18,49,220,"gop","Oct",24.540001,3.1
1953,"November",11,30,50,222,18,49,220,"gop","Nov",24.76,3.5
1953,"December",12,30,50,222,18,49,220,"gop","Dec",24.809999,4.5
1954,"January",1,29,55,222,18,53,220,"gop","Jan",26.08,4.9
1954,"February",2,29,55,222,18,53,220,"gop","Feb",26.15,5.2
1954,"March",3,29,55,222,18,53,220,"gop","Mar",26.940001,5.7
1954,"April",4,29,55,222,18,53,220,"gop","Apr",28.26,5.9
1954,"May",5,29,55,222,18,53,220,"gop","May",29.190001,5.9
1954,"June",6,29,55,222,18,53,220,"gop","Jun",29.209999,5.6
1954,"July",7,29,55,222,18,53,220,"gop","Jul",30.879999,5.8
1954,"August",8,29,55,222,18,53,220,"gop","Aug",29.83,6
1954,"September",9,29,55,222,18,53,220,"gop","Sep",32.310001,6.1
1954,"October",10,29,55,222,18,53,220,"gop","Oct",31.68,5.7
1954,"November",11,29,55,222,19,53,220,"gop","Nov",34.240002,5.3
1954,"December",12,29,55,222,19,53,220,"gop","Dec",35.98,5
1955,"January",1,21,47,204,26,48,237,"gop","Jan",36.630001,4.9
1955,"February",2,21,47,204,26,48,237,"gop","Feb",36.759998,4.7
1955,"March",3,21,47,204,26,48,237,"gop","Mar",36.580002,4.6
1955,"April",4,21,47,204,26,48,237,"gop","Apr",37.959999,4.7
1955,"May",5,21,47,204,26,48,237,"gop","May",37.91,4.3
1955,"June",6,21,47,204,26,48,237,"gop","Jun",41.029999,4.2
1955,"July",7,21,47,204,26,48,237,"gop","Jul",43.52,4
1955,"August",8,21,47,204,26,48,237,"gop","Aug",43.18,4.2
1955,"September",9,21,47,204,26,48,237,"gop","Sep",43.669998,4.1
1955,"October",10,21,47,204,26,48,237,"gop","Oct",42.34,4.3
1955,"November",11,21,47,204,26,48,237,"gop","Nov",45.509998,4.2
1955,"December",12,21,47,204,26,48,237,"gop","Dec",45.48,4.2
1956,"January",1,21,49,204,26,51,237,"gop","Jan",43.82,4
1956,"February",2,21,49,204,26,51,237,"gop","Feb",45.34,3.9
1956,"March",3,21,49,204,26,51,237,"gop","Mar",48.48,4.2
1956,"April",4,21,49,204,26,50,237,"gop","Apr",48.380001,4
1956,"May",5,21,49,204,26,50,237,"gop","May",45.200001,4.3
1956,"June",6,21,49,204,26,50,237,"gop","Jun",46.970001,4.3
1956,"July",7,21,49,204,26,50,237,"gop","Jul",49.389999,4.4
1956,"August",8,21,49,204,26,50,237,"gop","Aug",47.509998,4.1
1956,"September",9,21,49,204,26,50,237,"gop","Sep",45.349998,3.9
1956,"October",10,21,49,204,26,50,237,"gop","Oct",45.580002,3.9
1956,"November",11,21,49,204,26,51,237,"gop","Nov",45.080002,4.3
1956,"December",12,21,49,204,26,51,237,"gop","Dec",46.669998,4.2
1957,"January",1,19,47,203,28,52,242,"gop","Jan",44.720001,4.2
1957,"February",2,19,47,203,28,52,242,"gop","Feb",43.259998,3.9
1957,"March",3,19,47,203,28,52,242,"gop","Mar",44.110001,3.7
1957,"April",4,19,47,203,28,52,242,"gop","Apr",45.740002,3.9
1957,"May",5,19,47,203,28,52,242,"gop","May",47.43,4.1
1957,"June",6,19,47,203,28,52,242,"gop","Jun",47.369999,4.3
1957,"July",7,19,47,203,28,52,242,"gop","Jul",47.91,4.2
1957,"August",8,19,47,203,28,52,242,"gop","Aug",45.220001,4.1
1957,"September",9,20,47,203,28,52,242,"gop","Sep",42.419998,4.4
1957,"October",10,20,47,203,28,52,242,"gop","Oct",41.060001,4.5
1957,"November",11,20,47,203,28,52,242,"gop","Nov",41.720001,5.1
1957,"December",12,20,47,203,28,52,242,"gop","Dec",39.990002,5.2
1958,"January",1,20,47,203,28,52,242,"gop","Jan",41.700001,5.8
1958,"February",2,20,47,203,28,52,242,"gop","Feb",40.84,6.4
1958,"March",3,20,47,203,28,52,242,"gop","Mar",42.099998,6.7
1958,"April",4,20,47,203,28,52,242,"gop","Apr",43.439999,7.4
1958,"May",5,20,47,203,28,52,242,"gop","May",44.09,7.4
1958,"June",6,20,47,203,28,52,242,"gop","Jun",45.240002,7.3
1958,"July",7,20,47,203,28,52,242,"gop","Jul",47.189999,7.5
1958,"August",8,20,47,203,28,52,242,"gop","Aug",47.75,7.4
1958,"September",9,20,47,203,28,52,242,"gop","Sep",50.060001,7.1
1958,"October",10,20,47,203,28,52,242,"gop","Oct",51.330002,6.7
1958,"November",11,20,47,203,28,52,242,"gop","Nov",52.48,6.2
1958,"December",12,20,47,203,28,52,242,"gop","Dec",55.209999,6.2
1959,"January",1,15,35,159,35,65,289,"gop","Jan",55.450001,6
1959,"February",2,15,35,159,35,65,289,"gop","Feb",55.41,5.9
1959,"March",3,15,35,159,35,65,289,"gop","Mar",55.439999,5.6
1959,"April",4,15,35,159,35,65,289,"gop","Apr",57.59,5.2
1959,"May",5,15,35,159,35,65,289,"gop","May",58.68,5.1
1959,"June",6,15,35,159,35,65,289,"gop","Jun",58.470001,5
1959,"July",7,15,35,159,35,65,289,"gop","Jul",60.509998,5.1
1959,"August",8,15,35,159,35,65,289,"gop","Aug",59.599998,5.2
1959,"September",9,15,35,159,35,65,289,"gop","Sep",56.880001,5.5
1959,"October",10,15,35,159,35,65,289,"gop","Oct",57.52,5.7
1959,"November",11,15,35,159,35,65,289,"gop","Nov",58.279999,5.8
1959,"December",12,15,35,159,35,65,289,"gop","Dec",59.889999,5.3
1960,"January",1,16,35,159,34,70,289,"gop","Jan",55.610001,5.2
1960,"February",2,16,35,159,34,70,289,"gop","Feb",56.119999,4.8
1960,"March",3,16,35,159,34,70,289,"gop","Mar",55.34,5.4
1960,"April",4,16,35,159,34,70,289,"gop","Apr",54.369999,5.2
1960,"May",5,16,35,159,34,70,289,"gop","May",55.830002,5.1
1960,"June",6,16,35,159,34,70,289,"gop","Jun",56.919998,5.4
1960,"July",7,16,35,159,34,70,289,"gop","Jul",55.509998,5.5
1960,"August",8,16,35,159,34,70,289,"gop","Aug",56.959999,5.6
1960,"September",9,17,35,159,34,70,289,"gop","Sep",53.52,5.5
1960,"October",10,17,35,159,34,70,289,"gop","Oct",53.389999,6.1
1960,"November",11,17,35,159,34,70,289,"gop","Nov",55.540001,6.1
1960,"December",12,17,35,159,34,70,289,"gop","Dec",58.110001,6.6
1961,"January",1,16,37,176,34,64,273,"dem","Jan",61.779999,6.6
1961,"February",2,16,37,176,34,64,273,"dem","Feb",63.439999,6.9
1961,"March",3,16,37,176,34,64,273,"dem","Mar",65.059998,6.9
1961,"April",4,16,37,176,34,64,273,"dem","Apr",65.309998,7
1961,"May",5,16,37,176,34,64,273,"dem","May",66.559998,7.1
1961,"June",6,16,37,176,34,64,273,"dem","Jun",64.639999,6.9
1961,"July",7,16,37,176,34,64,273,"dem","Jul",66.760002,7
1961,"August",8,16,37,176,34,64,273,"dem","Aug",68.07,6.6
1961,"September",9,16,37,176,34,64,273,"dem","Sep",66.730003,6.7
1961,"October",10,16,37,176,34,64,273,"dem","Oct",68.620003,6.5
1961,"November",11,16,37,176,34,64,273,"dem","Nov",71.32,6.1
1961,"December",12,16,37,176,34,64,273,"dem","Dec",71.550003,6
1962,"January",1,16,42,176,34,65,273,"dem","Jan",68.839996,5.8
1962,"February",2,16,42,176,34,65,273,"dem","Feb",69.959999,5.5
1962,"March",3,16,42,176,34,65,273,"dem","Mar",69.550003,5.6
1962,"April",4,16,42,176,34,65,273,"dem","Apr",65.239998,5.6
1962,"May",5,16,42,176,34,65,273,"dem","May",59.630001,5.5
1962,"June",6,16,42,176,34,65,273,"dem","Jun",54.75,5.5
1962,"July",7,16,42,176,34,65,273,"dem","Jul",58.23,5.4
1962,"August",8,16,42,176,34,65,273,"dem","Aug",59.119999,5.7
1962,"September",9,16,42,176,34,65,273,"dem","Sep",56.27,5.6
1962,"October",10,16,42,176,34,65,273,"dem","Oct",56.52,5.4
1962,"November",11,16,42,176,34,65,273,"dem","Nov",62.259998,5.7
1962,"December",12,16,42,176,34,65,273,"dem","Dec",63.099998,5.5
1963,"January",1,17,34,182,33,68,262,"dem","Jan",66.199997,5.7
1963,"February",2,17,34,182,33,68,262,"dem","Feb",64.290001,5.9
1963,"March",3,16,34,182,34,68,262,"dem","Mar",66.57,5.7
1963,"April",4,16,34,182,34,68,262,"dem","Apr",69.800003,5.7
1963,"May",5,16,34,182,34,68,262,"dem","May",70.800003,5.9
1963,"June",6,16,34,182,34,68,262,"dem","Jun",69.370003,5.6
1963,"July",7,16,34,182,34,68,262,"dem","Jul",69.129997,5.6
1963,"August",8,16,34,182,34,68,262,"dem","Aug",72.5,5.4
1963,"September",9,16,34,182,34,68,262,"dem","Sep",71.699997,5.5
1963,"October",10,16,34,182,34,68,262,"dem","Oct",74.010002,5.5
1963,"November",11,16,34,182,34,68,262,"dem","Nov",73.230003,5.7
1963,"December",12,16,34,182,34,68,262,"dem","Dec",75.019997,5.5
1964,"January",1,16,34,182,34,71,262,"dem","Jan",77.040001,5.6
1964,"February",2,16,34,182,34,71,262,"dem","Feb",77.800003,5.4
1964,"March",3,16,34,182,34,71,262,"dem","Mar",78.980003,5.4
1964,"April",4,16,34,182,34,71,262,"dem","Apr",79.459999,5.3
1964,"May",5,16,34,182,34,71,262,"dem","May",80.370003,5.1
1964,"June",6,16,34,182,34,71,262,"dem","Jun",81.690002,5.2
1964,"July",7,16,34,182,34,71,262,"dem","Jul",83.18,4.9
1964,"August",8,16,34,182,34,71,262,"dem","Aug",81.830002,5
1964,"September",9,16,34,182,34,71,262,"dem","Sep",84.18,5.1
1964,"October",10,16,34,182,34,71,262,"dem","Oct",84.860001,5.1
1964,"November",11,16,34,182,34,71,262,"dem","Nov",84.419998,4.8
1964,"December",12,16,34,182,34,71,262,"dem","Dec",84.75,5
1965,"January",1,17,32,141,33,69,301,"dem","Jan",87.559998,4.9
1965,"February",2,17,32,141,33,69,301,"dem","Feb",87.43,5.1
1965,"March",3,17,32,141,33,69,301,"dem","Mar",86.160004,4.7
1965,"April",4,17,32,141,33,69,301,"dem","Apr",89.110001,4.8
1965,"May",5,17,32,141,33,69,301,"dem","May",88.419998,4.6
1965,"June",6,17,32,141,33,69,301,"dem","Jun",84.120003,4.6
1965,"July",7,17,32,141,33,69,301,"dem","Jul",85.25,4.4
1965,"August",8,17,32,141,33,69,301,"dem","Aug",87.169998,4.4
1965,"September",9,17,32,141,33,69,301,"dem","Sep",89.959999,4.3
1965,"October",10,17,32,141,33,69,301,"dem","Oct",92.419998,4.2
1965,"November",11,17,32,141,33,69,301,"dem","Nov",91.610001,4.1
1965,"December",12,17,32,141,33,69,301,"dem","Dec",92.43,4
1966,"January",1,18,33,141,33,70,301,"dem","Jan",92.879997,4
1966,"February",2,18,33,141,33,70,301,"dem","Feb",91.220001,3.8
1966,"March",3,18,33,141,33,70,301,"dem","Mar",89.230003,3.8
1966,"April",4,18,33,141,33,70,301,"dem","Apr",91.059998,3.8
1966,"May",5,18,33,141,33,70,301,"dem","May",86.129997,3.9
1966,"June",6,18,33,141,33,70,301,"dem","Jun",84.739998,3.8
1966,"July",7,18,33,141,33,70,301,"dem","Jul",83.599998,3.8
1966,"August",8,18,33,141,33,70,301,"dem","Aug",77.099998,3.8
1966,"September",9,18,33,141,33,70,301,"dem","Sep",76.559998,3.7
1966,"October",10,18,33,141,33,70,301,"dem","Oct",80.199997,3.7
1966,"November",11,18,33,141,33,70,301,"dem","Nov",80.449997,3.6
1966,"December",12,18,33,141,33,70,301,"dem","Dec",80.330002,3.8
1967,"January",1,25,36,188,27,64,251,"dem","Jan",86.610001,3.9
1967,"February",2,25,36,188,27,64,251,"dem","Feb",86.779999,3.8
1967,"March",3,25,36,188,27,64,251,"dem","Mar",90.199997,3.8
1967,"April",4,25,36,188,27,64,251,"dem","Apr",94.010002,3.8
1967,"May",5,25,36,188,27,64,251,"dem","May",89.080002,3.8
1967,"June",6,25,36,188,27,64,251,"dem","Jun",90.639999,3.9
1967,"July",7,25,36,188,27,64,251,"dem","Jul",94.75,3.8
1967,"August",8,25,36,188,27,64,251,"dem","Aug",93.639999,3.8
1967,"September",9,25,36,188,27,64,251,"dem","Sep",96.709999,3.8
1967,"October",10,25,36,188,27,64,251,"dem","Oct",93.300003,4
1967,"November",11,25,36,188,27,64,251,"dem","Nov",94,3.9
1967,"December",12,25,36,188,27,64,251,"dem","Dec",96.470001,3.8
1968,"January",1,26,39,188,26,65,251,"dem","Jan",92.239998,3.7
1968,"February",2,26,39,188,26,65,251,"dem","Feb",89.360001,3.8
1968,"March",3,26,39,188,26,65,251,"dem","Mar",90.199997,3.7
1968,"April",4,26,39,188,26,65,251,"dem","Apr",97.459999,3.5
1968,"May",5,26,39,188,26,65,251,"dem","May",98.68,3.5
1968,"June",6,26,39,188,26,65,251,"dem","Jun",99.580002,3.7
1968,"July",7,26,39,188,26,65,251,"dem","Jul",97.739998,3.7
1968,"August",8,26,39,188,26,65,251,"dem","Aug",98.860001,3.5
1968,"September",9,26,39,188,26,65,251,"dem","Sep",102.669998,3.4
1968,"October",10,26,39,188,26,65,251,"dem","Oct",103.410004,3.4
1968,"November",11,26,39,188,26,65,251,"dem","Nov",108.370003,3.4
1968,"December",12,26,39,188,26,65,251,"dem","Dec",103.860001,3.4
1969,"January",1,31,43,199,22,57,250,"gop","Jan",103.010002,3.4
1969,"February",2,31,43,199,22,57,250,"gop","Feb",98.129997,3.4
1969,"March",3,31,43,199,22,57,250,"gop","Mar",101.510002,3.4
1969,"April",4,31,43,199,22,57,250,"gop","Apr",103.690002,3.4
1969,"May",5,31,43,199,22,57,250,"gop","May",103.459999,3.4
1969,"June",6,31,43,199,22,57,250,"gop","Jun",97.709999,3.5
1969,"July",7,31,43,199,22,57,250,"gop","Jul",91.830002,3.5
1969,"August",8,31,43,199,22,57,250,"gop","Aug",95.510002,3.5
1969,"September",9,31,43,199,22,57,250,"gop","Sep",93.120003,3.7
1969,"October",10,31,43,199,22,57,250,"gop","Oct",97.120003,3.7
1969,"November",11,31,43,199,22,57,250,"gop","Nov",93.809998,3.5
1969,"December",12,31,43,199,22,57,250,"gop","Dec",92.059998,3.5
1970,"January",1,32,43,199,20,58,250,"gop","Jan",85.019997,3.9
1970,"February",2,32,43,199,20,58,250,"gop","Feb",89.5,4.2
1970,"March",3,32,43,199,20,58,250,"gop","Mar",89.629997,4.4
1970,"April",4,32,43,199,20,58,250,"gop","Apr",81.519997,4.6
1970,"May",5,32,43,199,20,58,250,"gop","May",76.550003,4.8
1970,"June",6,32,43,199,20,58,250,"gop","Jun",72.720001,4.9
1970,"July",7,32,43,199,20,58,250,"gop","Jul",78.050003,5
1970,"August",8,32,43,199,20,58,250,"gop","Aug",81.519997,5.1
1970,"September",9,32,43,199,20,58,250,"gop","Sep",84.300003,5.4
1970,"October",10,32,43,199,20,58,250,"gop","Oct",83.25,5.5
1970,"November",11,32,43,199,20,58,250,"gop","Nov",87.199997,5.9
1970,"December",12,32,43,199,20,58,250,"gop","Dec",92.150002,6.1
1971,"January",1,21,44,185,30,55,259,"gop","Jan",95.879997,5.9
1971,"February",2,21,44,185,30,55,259,"gop","Feb",96.75,5.9
1971,"March",3,21,44,185,30,55,259,"gop","Mar",100.309998,6
1971,"April",4,21,44,185,30,55,259,"gop","Apr",103.949997,5.9
1971,"May",5,21,44,185,30,55,259,"gop","May",99.629997,5.9
1971,"June",6,21,44,185,30,55,259,"gop","Jun",98.699997,5.9
1971,"July",7,21,44,185,30,55,259,"gop","Jul",95.580002,6
1971,"August",8,21,44,185,30,55,259,"gop","Aug",99.029999,6.1
1971,"September",9,21,44,185,30,55,259,"gop","Sep",98.339996,6
1971,"October",10,21,44,185,30,55,259,"gop","Oct",94.230003,5.8
1971,"November",11,21,44,185,30,55,259,"gop","Nov",93.989998,6
1971,"December",12,21,44,185,30,55,259,"gop","Dec",102.089996,6
1972,"January",1,20,44,185,31,57,259,"gop","Jan",103.940002,5.8
1972,"February",2,20,44,185,31,57,259,"gop","Feb",106.57,5.7
1972,"March",3,20,44,185,31,57,259,"gop","Mar",107.199997,5.8
1972,"April",4,20,44,185,31,57,259,"gop","Apr",107.669998,5.7
1972,"May",5,20,44,185,31,57,259,"gop","May",109.529999,5.7
1972,"June",6,20,44,185,31,57,259,"gop","Jun",107.139999,5.7
1972,"July",7,20,44,185,31,57,259,"gop","Jul",107.389999,5.6
1972,"August",8,20,44,185,31,57,259,"gop","Aug",111.089996,5.6
1972,"September",9,20,44,185,31,57,259,"gop","Sep",110.550003,5.5
1972,"October",10,20,44,185,31,57,259,"gop","Oct",111.580002,5.6
1972,"November",11,20,44,185,31,57,259,"gop","Nov",116.669998,5.3
1972,"December",12,20,44,185,31,57,259,"gop","Dec",118.050003,5.2
1973,"January",1,19,42,195,32,56,249,"gop","Jan",116.029999,4.9
1973,"February",2,19,42,195,32,56,249,"gop","Feb",111.68,5
1973,"March",3,19,42,195,32,56,249,"gop","Mar",111.519997,4.9
1973,"April",4,19,42,195,32,56,249,"gop","Apr",106.970001,5
1973,"May",5,19,42,195,32,56,249,"gop","May",104.949997,4.9
1973,"June",6,19,42,195,32,56,249,"gop","Jun",104.260002,4.9
1973,"July",7,19,42,195,32,56,249,"gop","Jul",108.220001,4.8
1973,"August",8,20,42,195,32,56,249,"gop","Aug",104.25,4.8
1973,"September",9,20,42,195,32,56,249,"gop","Sep",108.43,4.8
1973,"October",10,20,42,195,32,56,249,"gop","Oct",108.290001,4.6
1973,"November",11,20,42,195,32,56,249,"gop","Nov",95.959999,4.8
1973,"December",12,20,42,195,32,56,249,"gop","Dec",97.550003,4.9
1974,"January",1,18,45,195,34,59,249,"gop","Jan",96.57,5.1
1974,"February",2,18,45,195,34,59,249,"gop","Feb",96.220001,5.2
1974,"March",3,18,45,195,34,59,249,"gop","Mar",93.980003,5.1
1974,"April",4,18,45,195,34,59,249,"gop","Apr",90.309998,5.1
1974,"May",5,18,45,195,34,59,249,"gop","May",87.279999,5.1
1974,"June",6,18,45,195,34,59,249,"gop","Jun",86,5.4
1974,"July",7,18,45,195,34,59,249,"gop","Jul",79.309998,5.5
1974,"August",8,18,45,195,34,59,249,"gop","Aug",72.150002,5.5
1974,"September",9,18,45,195,34,59,249,"gop","Sep",63.540001,5.9
1974,"October",10,18,45,195,34,59,249,"gop","Oct",73.900002,6
1974,"November",11,18,45,195,34,59,249,"gop","Nov",69.970001,6.6
1974,"December",12,18,45,195,34,59,249,"gop","Dec",68.559998,7.2
1975,"January",1,13,38,148,37,61,295,"gop","Jan",76.980003,8.1
1975,"February",2,13,38,148,37,61,295,"gop","Feb",81.589996,8.1
1975,"March",3,13,38,148,37,61,295,"gop","Mar",83.360001,8.6
1975,"April",4,13,38,148,37,61,295,"gop","Apr",87.300003,8.8
1975,"May",5,13,38,148,37,61,295,"gop","May",91.150002,9
1975,"June",6,13,38,148,37,61,295,"gop","Jun",95.190002,8.8
1975,"July",7,13,38,148,37,61,295,"gop","Jul",88.75,8.6
1975,"August",8,13,38,148,37,61,295,"gop","Aug",86.879997,8.4
1975,"September",9,13,38,148,37,61,295,"gop","Sep",83.870003,8.4
1975,"October",10,13,38,148,37,61,295,"gop","Oct",89.040001,8.4
1975,"November",11,13,38,148,37,61,295,"gop","Nov",91.239998,8.3
1975,"December",12,13,38,148,37,61,295,"gop","Dec",90.190002,8.2
1976,"January",1,13,39,148,37,65,295,"gop","Jan",100.860001,7.9
1976,"February",2,13,39,148,37,65,295,"gop","Feb",99.709999,7.7
1976,"March",3,13,39,148,37,65,295,"gop","Mar",102.769997,7.6
1976,"April",4,13,39,148,37,65,295,"gop","Apr",101.639999,7.7
1976,"May",5,13,39,148,37,65,295,"gop","May",100.18,7.4
1976,"June",6,13,39,148,37,65,295,"gop","Jun",104.279999,7.6
1976,"July",7,13,39,148,37,65,295,"gop","Jul",103.440002,7.8
1976,"August",8,13,39,148,37,65,295,"gop","Aug",102.910004,7.8
1976,"September",9,13,39,148,37,65,295,"gop","Sep",105.239998,7.6
1976,"October",10,13,39,148,37,65,295,"gop","Oct",102.900002,7.7
1976,"November",11,13,39,148,37,65,295,"gop","Nov",102.099998,7.8
1976,"December",12,13,39,148,37,65,295,"gop","Dec",107.459999,7.8
1977,"January",1,12,38,147,38,62,294,"dem","Jan",102.029999,7.5
1977,"February",2,12,38,147,38,62,294,"dem","Feb",99.82,7.6
1977,"March",3,12,38,147,38,62,294,"dem","Mar",98.419998,7.4
1977,"April",4,12,38,147,38,62,294,"dem","Apr",98.440002,7.2
1977,"May",5,12,38,147,38,62,294,"dem","May",96.120003,7
1977,"June",6,12,38,147,39,62,294,"dem","Jun",100.480003,7.2
1977,"July",7,12,38,147,40,62,294,"dem","Jul",98.849998,6.9
1977,"August",8,12,38,147,40,62,294,"dem","Aug",96.769997,7
1977,"September",9,12,38,147,40,62,294,"dem","Sep",96.529999,6.8
1977,"October",10,12,38,147,40,62,294,"dem","Oct",92.339996,6.8
1977,"November",11,12,38,147,41,62,294,"dem","Nov",94.830002,6.8
1977,"December",12,12,38,147,41,62,294,"dem","Dec",95.099998,6.4
1978,"January",1,12,41,147,38,66,294,"dem","Jan",89.25,6.4
1978,"February",2,12,41,147,38,66,294,"dem","Feb",87.040001,6.3
1978,"March",3,12,41,147,38,66,294,"dem","Mar",89.209999,6.3
1978,"April",4,12,41,147,38,66,294,"dem","Apr",96.830002,6.1
1978,"May",5,12,41,147,38,66,294,"dem","May",97.239998,6
1978,"June",6,12,41,147,38,66,294,"dem","Jun",95.529999,5.9
1978,"July",7,12,41,147,38,66,294,"dem","Jul",100.68,6.2
1978,"August",8,12,41,147,39,66,294,"dem","Aug",103.290001,5.9
1978,"September",9,12,41,147,39,66,294,"dem","Sep",102.540001,6
1978,"October",10,12,41,147,39,66,294,"dem","Oct",93.150002,5.8
1978,"November",11,12,41,147,39,66,294,"dem","Nov",94.699997,5.9
1978,"December",12,12,41,147,39,66,294,"dem","Dec",96.110001,6
1979,"January",1,19,41,160,32,58,280,"dem","Jan",99.93,5.9
1979,"February",2,19,41,160,32,58,280,"dem","Feb",96.279999,5.9
1979,"March",3,19,41,160,32,58,280,"dem","Mar",101.589996,5.8
1979,"April",4,19,41,160,32,58,280,"dem","Apr",101.760002,5.8
1979,"May",5,19,41,160,32,58,280,"dem","May",99.080002,5.6
1979,"June",6,19,41,160,32,58,280,"dem","Jun",102.910004,5.7
1979,"July",7,19,41,160,32,58,280,"dem","Jul",103.809998,5.7
1979,"August",8,19,41,160,32,58,280,"dem","Aug",109.32,6
1979,"September",9,19,41,160,32,58,280,"dem","Sep",109.32,5.9
1979,"October",10,19,41,160,32,58,280,"dem","Oct",101.82,6
1979,"November",11,19,41,160,32,58,280,"dem","Nov",106.160004,5.9
1979,"December",12,19,41,160,32,58,280,"dem","Dec",107.940002,6
1980,"January",1,19,42,160,32,59,280,"dem","Jan",114.160004,6.3
1980,"February",2,19,42,160,32,59,280,"dem","Feb",113.660004,6.3
1980,"March",3,20,42,160,31,59,280,"dem","Mar",102.089996,6.3
1980,"April",4,20,42,160,31,59,280,"dem","Apr",106.290001,6.9
1980,"May",5,20,42,160,31,59,280,"dem","May",111.239998,7.5
1980,"June",6,20,42,160,31,59,280,"dem","Jun",114.239998,7.6
1980,"July",7,20,42,160,31,59,280,"dem","Jul",121.669998,7.8
1980,"August",8,20,42,160,31,59,280,"dem","Aug",122.379997,7.7
1980,"September",9,20,42,160,31,59,280,"dem","Sep",125.459999,7.5
1980,"October",10,20,42,160,31,59,280,"dem","Oct",127.470001,7.5
1980,"November",11,20,42,160,31,59,280,"dem","Nov",140.520004,7.5
1980,"December",12,20,42,160,31,59,280,"dem","Dec",135.759995,7.2
1981,"January",1,24,53,196,27,46,246,"gop","Jan",129.550003,7.5
1981,"February",2,24,53,196,27,46,246,"gop","Feb",131.270004,7.4
1981,"March",3,24,53,196,27,46,246,"gop","Mar",136,7.4
1981,"April",4,24,53,196,27,46,246,"gop","Apr",132.809998,7.2
1981,"May",5,24,53,196,27,46,246,"gop","May",132.589996,7.5
1981,"June",6,24,53,196,27,46,246,"gop","Jun",131.210007,7.5
1981,"July",7,24,53,196,27,46,246,"gop","Jul",130.919998,7.2
1981,"August",8,24,53,196,27,46,246,"gop","Aug",122.790001,7.4
1981,"September",9,24,53,196,27,46,246,"gop","Sep",116.18,7.6
1981,"October",10,24,53,196,27,46,246,"gop","Oct",121.889999,7.9
1981,"November",11,24,53,196,27,46,246,"gop","Nov",126.349998,8.3
1981,"December",12,24,53,196,27,46,246,"gop","Dec",122.550003,8.5
1982,"January",1,24,54,196,27,47,246,"gop","Jan",120.400002,8.6
1982,"February",2,24,54,196,27,47,246,"gop","Feb",113.110001,8.9
1982,"March",3,24,54,196,27,47,246,"gop","Mar",111.959999,9
1982,"April",4,24,54,196,27,47,246,"gop","Apr",116.440002,9.3
1982,"May",5,24,54,196,27,47,246,"gop","May",111.879997,9.4
1982,"June",6,24,54,196,27,47,246,"gop","Jun",109.610001,9.6
1982,"July",7,24,54,196,27,47,246,"gop","Jul",107.089996,9.8
1982,"August",8,24,54,196,27,47,246,"gop","Aug",119.510002,9.8
1982,"September",9,24,54,196,27,47,246,"gop","Sep",120.419998,10.1
1982,"October",10,24,54,196,27,47,246,"gop","Oct",133.720001,10.4
1982,"November",11,24,54,196,27,47,246,"gop","Nov",138.529999,10.8
1982,"December",12,24,54,196,27,47,246,"gop","Dec",140.639999,10.8
1983,"January",1,16,55,168,34,46,272,"gop","Jan",145.300003,10.4
1983,"February",2,16,55,168,34,46,272,"gop","Feb",148.059998,10.4
1983,"March",3,16,55,168,34,46,272,"gop","Mar",152.960007,10.3
1983,"April",4,16,55,168,34,46,271,"gop","Apr",164.429993,10.2
1983,"May",5,16,55,168,34,46,271,"gop","May",162.389999,10.1
1983,"June",6,16,55,168,34,46,271,"gop","Jun",167.639999,10.1
1983,"July",7,16,55,168,34,46,272,"gop","Jul",162.559998,9.4
1983,"August",8,16,55,168,34,46,272,"gop","Aug",164.399994,9.5
1983,"September",9,16,55,168,34,46,272,"gop","Sep",166.070007,9.2
1983,"October",10,16,55,168,34,46,272,"gop","Oct",163.550003,8.8
1983,"November",11,16,55,168,34,46,272,"gop","Nov",166.399994,8.5
1983,"December",12,16,55,168,34,46,272,"gop","Dec",164.929993,8.3
1984,"January",1,16,55,168,34,45,271,"gop","Jan",163.410004,8
1984,"February",2,16,55,168,34,45,271,"gop","Feb",157.059998,7.8
1984,"March",3,15,55,168,34,45,271,"gop","Mar",159.179993,7.8
1984,"April",4,15,55,168,34,45,271,"gop","Apr",160.050003,7.7
1984,"May",5,15,55,168,35,45,271,"gop","May",150.550003,7.4
1984,"June",6,15,55,168,35,45,271,"gop","Jun",153.179993,7.2
1984,"July",7,15,55,168,35,45,271,"gop","Jul",150.660004,7.5
1984,"August",8,15,55,168,35,45,271,"gop","Aug",166.679993,7.5
1984,"September",9,15,55,168,35,45,271,"gop","Sep",166.100006,7.3
1984,"October",10,15,55,168,35,45,271,"gop","Oct",166.089996,7.4
1984,"November",11,15,55,168,35,45,271,"gop","Nov",163.580002,7.2
1984,"December",12,15,55,168,35,45,271,"gop","Dec",167.240005,7.3
1985,"January",1,16,53,183,34,47,257,"gop","Jan",179.630005,7.3
1985,"February",2,16,53,183,34,47,257,"gop","Feb",181.179993,7.2
1985,"March",3,16,53,183,34,47,257,"gop","Mar",180.660004,7.2
1985,"April",4,16,53,183,34,47,257,"gop","Apr",179.830002,7.3
1985,"May",5,16,53,183,34,47,257,"gop","May",189.550003,7.2
1985,"June",6,16,53,183,34,47,257,"gop","Jun",191.850006,7.4
1985,"July",7,16,53,183,34,47,257,"gop","Jul",190.919998,7.4
1985,"August",8,16,53,183,34,47,257,"gop","Aug",188.630005,7.1
1985,"September",9,16,53,183,34,47,257,"gop","Sep",182.080002,7.1
1985,"October",10,16,53,183,34,47,257,"gop","Oct",189.820007,7.1
1985,"November",11,16,53,183,34,47,257,"gop","Nov",202.169998,7
1985,"December",12,16,53,183,34,47,257,"gop","Dec",211.279999,7
1986,"January",1,16,53,183,34,48,257,"gop","Jan",211.779999,6.7
1986,"February",2,16,53,183,34,48,257,"gop","Feb",226.919998,7.2
1986,"March",3,16,53,183,34,48,257,"gop","Mar",238.899994,7.2
1986,"April",4,16,53,183,34,48,257,"gop","Apr",235.520004,7.1
1986,"May",5,16,53,183,34,48,257,"gop","May",247.350006,7.2
1986,"June",6,16,53,183,34,48,257,"gop","Jun",250.839996,7.2
1986,"July",7,16,54,183,34,48,257,"gop","Jul",236.119995,7
1986,"August",8,16,54,183,34,48,257,"gop","Aug",252.929993,6.9
1986,"September",9,16,54,183,34,48,257,"gop","Sep",231.320007,7
1986,"October",10,16,54,183,34,48,257,"gop","Oct",243.979996,7
1986,"November",11,16,54,183,34,48,257,"gop","Nov",249.220001,6.9
1986,"December",12,16,54,183,34,48,257,"gop","Dec",242.169998,6.6
1987,"January",1,24,46,179,27,55,262,"gop","Jan",274.079987,6.6
1987,"February",2,24,46,179,27,55,262,"gop","Feb",284.200012,6.6
1987,"March",3,24,46,179,27,55,262,"gop","Mar",291.700012,6.6
1987,"April",4,24,46,179,27,55,262,"gop","Apr",288.359985,6.3
1987,"May",5,24,46,179,27,55,262,"gop","May",290.100006,6.3
1987,"June",6,24,46,179,27,55,262,"gop","Jun",304,6.2
1987,"July",7,24,46,179,27,55,262,"gop","Jul",318.660004,6.1
1987,"August",8,24,46,179,27,55,262,"gop","Aug",329.799988,6
1987,"September",9,24,46,179,27,55,262,"gop","Sep",321.829987,5.9
1987,"October",10,24,46,179,27,55,262,"gop","Oct",251.789993,6
1987,"November",11,24,46,179,27,55,262,"gop","Nov",230.300003,5.8
1987,"December",12,24,46,179,27,55,262,"gop","Dec",247.080002,5.7
1988,"January",1,24,46,179,28,54,262,"gop","Jan",257.070007,5.7
1988,"February",2,24,46,179,28,54,262,"gop","Feb",267.820007,5.7
1988,"March",3,25,46,179,28,54,262,"gop","Mar",258.890015,5.7
1988,"April",4,24,46,179,28,54,262,"gop","Apr",261.329987,5.4
1988,"May",5,24,46,179,28,54,262,"gop","May",262.160004,5.6
1988,"June",6,24,46,179,28,54,262,"gop","Jun",273.5,5.4
1988,"July",7,24,46,178,28,54,262,"gop","Jul",272.019989,5.4
1988,"August",8,24,46,178,28,54,262,"gop","Aug",261.519989,5.6
1988,"September",9,24,46,178,28,54,262,"gop","Sep",271.910004,5.4
1988,"October",10,24,46,178,28,54,262,"gop","Oct",278.970001,5.4
1988,"November",11,24,46,179,28,54,262,"gop","Nov",273.700012,5.3
1988,"December",12,24,46,179,28,54,262,"gop","Dec",277.720001,5.3
1989,"January",1,23,46,178,29,55,264,"gop","Jan",297.470001,5.4
1989,"February",2,23,46,178,29,55,264,"gop","Feb",288.859985,5.2
1989,"March",3,23,46,178,29,55,264,"gop","Mar",294.869995,5
1989,"April",4,23,46,178,29,55,264,"gop","Apr",309.640015,5.2
1989,"May",5,23,46,178,29,55,264,"gop","May",320.519989,5.2
1989,"June",6,23,46,178,29,55,262,"gop","Jun",317.980011,5.3
1989,"July",7,23,46,178,29,55,261,"gop","Jul",346.079987,5.2
1989,"August",8,23,46,178,29,55,261,"gop","Aug",351.450012,5.2
1989,"September",9,23,46,178,29,55,261,"gop","Sep",349.149994,5.3
1989,"October",10,23,46,178,29,55,261,"gop","Oct",340.359985,5.3
1989,"November",11,23,46,178,29,55,261,"gop","Nov",345.98999,5.4
1989,"December",12,23,46,178,29,55,261,"gop","Dec",353.399994,5.4
1990,"January",1,22,46,176,30,55,258,"gop","Jan",329.079987,5.4
1990,"February",2,22,46,176,30,55,258,"gop","Feb",331.890015,5.3
1990,"March",3,22,46,176,30,55,258,"gop","Mar",339.940002,5.2
1990,"April",4,22,46,176,30,55,258,"gop","Apr",330.799988,5.4
1990,"May",5,22,46,176,30,55,257,"gop","May",361.230011,5.4
1990,"June",6,22,46,176,30,56,257,"gop","Jun",358.019989,5.2
1990,"July",7,22,46,176,30,56,257,"gop","Jul",356.149994,5.5
1990,"August",8,22,46,176,30,56,257,"gop","Aug",322.559998,5.7
1990,"September",9,22,46,176,30,56,257,"gop","Sep",306.049988,5.9
1990,"October",10,22,46,176,30,56,258,"gop","Oct",304,5.9
1990,"November",11,22,46,176,30,56,259,"gop","Nov",322.220001,6.2
1990,"December",12,22,46,176,30,56,259,"gop","Dec",330.220001,6.3
1991,"January",1,20,45,168,29,57,269,"gop","Jan",343.929993,6.4
1991,"February",2,20,45,168,29,57,269,"gop","Feb",367.070007,6.6
1991,"March",3,21,45,166,28,57,269,"gop","Mar",375.220001,6.8
1991,"April",4,21,45,166,28,57,269,"gop","Apr",375.339996,6.7
1991,"May",5,21,45,166,28,57,268,"gop","May",389.829987,6.9
1991,"June",6,21,45,166,28,57,268,"gop","Jun",371.160004,6.9
1991,"July",7,21,45,166,28,57,268,"gop","Jul",387.809998,6.8
1991,"August",8,21,45,166,29,57,268,"gop","Aug",395.429993,6.9
1991,"September",9,21,45,166,29,57,268,"gop","Sep",387.859985,6.9
1991,"October",10,21,45,166,29,57,268,"gop","Oct",392.450012,7
1991,"November",11,21,45,167,29,57,269,"gop","Nov",375.220001,7
1991,"December",12,21,45,167,29,57,269,"gop","Dec",417.089996,7.3
1992,"January",1,20,43,166,27,58,268,"gop","Jan",408.779999,7.3
1992,"February",2,20,43,166,27,58,268,"gop","Feb",412.700012,7.4
1992,"March",3,20,43,166,28,58,268,"gop","Mar",403.690002,7.4
1992,"April",4,20,43,166,28,58,268,"gop","Apr",414.950012,7.4
1992,"May",5,20,43,166,28,58,268,"gop","May",415.350006,7.6
1992,"June",6,20,43,166,28,58,268,"gop","Jun",408.140015,7.8
1992,"July",7,20,43,166,28,58,268,"gop","Jul",424.209991,7.7
1992,"August",8,20,43,166,28,58,268,"gop","Aug",414.029999,7.6
1992,"September",9,20,43,166,28,58,268,"gop","Sep",417.799988,7.6
1992,"October",10,20,43,166,28,59,268,"gop","Oct",418.679993,7.3
1992,"November",11,20,43,166,28,60,270,"gop","Nov",431.350006,7.4
1992,"December",12,20,43,166,28,60,270,"gop","Dec",435.709991,7.4
1993,"January",1,18,46,175,30,57,255,"dem","Jan",438.779999,7.3
1993,"February",2,18,46,175,30,57,255,"dem","Feb",443.380005,7.1
1993,"March",3,18,46,175,30,57,255,"dem","Mar",451.670013,7
1993,"April",4,18,46,175,30,57,256,"dem","Apr",440.190002,7.1
1993,"May",5,17,46,177,31,57,257,"dem","May",450.190002,7.1
1993,"June",6,17,46,178,31,57,258,"dem","Jun",450.529999,7
1993,"July",7,17,46,178,31,57,258,"dem","Jul",448.130005,6.9
1993,"August",8,17,46,178,31,57,258,"dem","Aug",463.559998,6.8
1993,"September",9,17,46,178,31,57,258,"dem","Sep",458.929993,6.7
1993,"October",10,17,46,178,31,57,258,"dem","Oct",467.829987,6.8
1993,"November",11,17,46,178,31,57,258,"dem","Nov",461.790009,6.6
1993,"December",12,17,46,178,31,57,258,"dem","Dec",466.450012,6.5
1994,"January",1,19,48,178,28,54,257,"dem","Jan",481.609985,6.6
1994,"February",2,19,48,178,28,54,257,"dem","Feb",467.140015,6.6
1994,"March",3,19,48,178,28,54,257,"dem","Mar",445.769989,6.5
1994,"April",4,19,48,178,28,54,256,"dem","Apr",450.910004,6.4
1994,"May",5,19,48,178,28,54,256,"dem","May",456.5,6.1
1994,"June",6,19,48,178,28,54,256,"dem","Jun",444.269989,6.1
1994,"July",7,19,48,178,28,54,256,"dem","Jul",458.26001,6.1
1994,"August",8,19,48,178,28,54,256,"dem","Aug",475.48999,6
1994,"September",9,19,48,178,28,54,256,"dem","Sep",462.709991,5.9
1994,"October",10,19,48,178,28,54,256,"dem","Oct",472.350006,5.8
1994,"November",11,19,48,178,28,54,256,"dem","Nov",453.690002,5.6
1994,"December",12,19,48,178,28,54,256,"dem","Dec",459.269989,5.5
1995,"January",1,30,54,235,20,46,199,"dem","Jan",470.420013,5.6
1995,"February",2,30,54,235,20,46,199,"dem","Feb",487.390015,5.4
1995,"March",3,30,54,235,20,46,199,"dem","Mar",500.709991,5.4
1995,"April",4,30,54,235,20,46,199,"dem","Apr",514.710022,5.8
1995,"May",5,30,54,235,20,46,199,"dem","May",533.400024,5.6
1995,"June",6,30,54,235,20,46,199,"dem","Jun",544.75,5.6
1995,"July",7,30,54,235,20,46,199,"dem","Jul",562.059998,5.7
1995,"August",8,30,54,235,20,46,199,"dem","Aug",561.880005,5.7
1995,"September",9,30,54,235,20,46,199,"dem","Sep",584.409973,5.6
1995,"October",10,30,54,235,20,46,199,"dem","Oct",581.5,5.5
1995,"November",11,30,54,235,20,46,199,"dem","Nov",605.369995,5.6
1995,"December",12,30,54,235,20,46,199,"dem","Dec",615.929993,5.6
1996,"January",1,31,54,236,19,47,196,"dem","Jan",636.02002,5.6
1996,"February",2,31,54,236,19,47,196,"dem","Feb",640.429993,5.5
1996,"March",3,31,54,236,19,47,195,"dem","Mar",645.5,5.5
1996,"April",4,31,54,236,19,47,196,"dem","Apr",654.169983,5.6
1996,"May",5,31,54,236,19,47,197,"dem","May",669.119995,5.6
1996,"June",6,31,54,236,19,47,198,"dem","Jun",670.630005,5.3
1996,"July",7,32,54,235,19,47,198,"dem","Jul",639.950012,5.5
1996,"August",8,32,54,235,19,47,198,"dem","Aug",651.98999,5.1
1996,"September",9,32,54,235,19,47,198,"dem","Sep",687.330017,5.2
1996,"October",10,32,54,235,19,47,198,"dem","Oct",705.27002,5.2
1996,"November",11,32,55,235,19,47,198,"dem","Nov",757.02002,5.4
1996,"December",12,32,55,235,19,47,198,"dem","Dec",740.73999,5.4
1997,"January",1,32,55,227,18,45,207,"dem","Jan",786.159973,5.3
1997,"February",2,32,55,227,18,45,207,"dem","Feb",790.820007,5.2
1997,"March",3,32,55,227,18,45,207,"dem","Mar",757.119995,5.2
1997,"April",4,32,55,227,18,45,207,"dem","Apr",801.340027,5.1
1997,"May",5,32,55,228,18,45,207,"dem","May",848.280029,4.9
1997,"June",6,32,55,228,18,45,207,"dem","Jun",885.140015,5
1997,"July",7,32,55,228,18,45,207,"dem","Jul",954.309998,4.9
1997,"August",8,33,55,228,18,45,207,"dem","Aug",899.469971,4.8
1997,"September",9,34,55,228,18,45,207,"dem","Sep",947.280029,4.9
1997,"October",10,34,55,228,18,45,207,"dem","Oct",914.619995,4.7
1997,"November",11,34,55,229,18,45,207,"dem","Nov",955.400024,4.6
1997,"December",12,34,55,229,18,45,207,"dem","Dec",970.429993,4.7
1998,"January",1,32,55,227,18,45,203,"dem","Jan",980.280029,4.6
1998,"February",2,32,55,227,18,45,203,"dem","Feb",1049.339966,4.6
1998,"March",3,32,55,227,18,45,204,"dem","Mar",1101.75,4.7
1998,"April",4,32,55,227,18,45,205,"dem","Apr",1111.75,4.3
1998,"May",5,32,55,227,18,45,205,"dem","May",1090.819946,4.4
1998,"June",6,32,55,227,18,45,206,"dem","Jun",1133.839966,4.5
1998,"July",7,32,55,228,18,45,206,"dem","Jul",1120.670044,4.5
1998,"August",8,32,55,228,18,45,206,"dem","Aug",957.280029,4.5
1998,"September",9,32,55,228,18,45,206,"dem","Sep",1017.01001,4.6
1998,"October",10,32,55,228,18,45,206,"dem","Oct",1098.670044,4.5
1998,"November",11,32,55,228,18,45,206,"dem","Nov",1163.630005,4.4
1998,"December",12,32,55,228,18,45,206,"dem","Dec",1229.22998,4.4
1999,"January",1,31,55,223,17,45,210,"dem","Jan",1279.640015,4.3
1999,"February",2,31,55,223,17,45,210,"dem","Feb",1238.329956,4.4
1999,"March",3,31,55,222,17,45,210,"dem","Mar",1286.369995,4.2
1999,"April",4,31,55,222,17,45,210,"dem","Apr",1335.180054,4.3
1999,"May",5,31,55,222,17,45,210,"dem","May",1301.839966,4.2
1999,"June",6,31,55,223,17,45,210,"dem","Jun",1372.709961,4.3
1999,"July",7,31,55,223,17,45,210,"dem","Jul",1328.719971,4.3
1999,"August",8,31,55,223,17,45,210,"dem","Aug",1320.410034,4.2
1999,"September",9,31,55,223,17,45,210,"dem","Sep",1282.709961,4.2
1999,"October",10,31,55,223,17,45,210,"dem","Oct",1362.930054,4.1
1999,"November",11,31,56,223,17,45,211,"dem","Nov",1388.910034,4.1
1999,"December",12,31,56,223,17,45,211,"dem","Dec",1469.25,4
2000,"January",1,30,55,223,18,45,210,"dem","Jan",1394.459961,4
2000,"February",2,30,55,223,18,45,210,"dem","Feb",1366.420044,4.1
2000,"March",3,30,55,223,18,45,210,"dem","Mar",1498.579956,4
2000,"April",4,30,55,223,18,45,210,"dem","Apr",1452.430054,3.8
2000,"May",5,30,55,223,18,45,210,"dem","May",1420.599976,4
2000,"June",6,30,55,223,18,45,210,"dem","Jun",1454.599976,4
2000,"July",7,30,55,223,18,45,210,"dem","Jul",1430.829956,4
2000,"August",8,30,55,223,18,46,210,"dem","Aug",1517.680054,4.1
2000,"September",9,30,55,223,18,46,210,"dem","Sep",1436.51001,3.9
2000,"October",10,30,55,223,18,46,210,"dem","Oct",1429.400024,3.9
2000,"November",11,30,55,223,19,46,210,"dem","Nov",1314.949951,3.9
2000,"December",12,30,55,223,19,46,210,"dem","Dec",1320.280029,3.9
2001,"January",1,29,49,220,19,50,211,"gop","Jan",1366.01001,4.2
2001,"February",2,29,49,220,19,50,211,"gop","Feb",1239.939941,4.2
2001,"March",3,29,49,220,19,50,211,"gop","Mar",1160.329956,4.3
2001,"April",4,29,49,220,19,50,210,"gop","Apr",1249.459961,4.4
2001,"May",5,29,49,220,19,50,210,"gop","May",1255.819946,4.3
2001,"June",6,29,49,221,19,50,210,"gop","Jun",1224.380005,4.5
2001,"July",7,29,49,222,19,50,210,"gop","Jul",1211.22998,4.6
2001,"August",8,29,49,222,19,50,210,"gop","Aug",1133.579956,4.9
2001,"September",9,29,49,222,19,50,210,"gop","Sep",1040.939941,5
2001,"October",10,30,49,222,19,50,210,"gop","Oct",1059.780029,5.3
2001,"November",11,30,49,223,19,50,211,"gop","Nov",1139.449951,5.5
2001,"December",12,30,49,223,19,50,211,"gop","Dec",1148.079956,5.7
2002,"January",1,27,50,221,21,50,211,"gop","Jan",1130.199951,5.7
2002,"February",2,27,50,221,21,50,211,"gop","Feb",1106.72998,5.7
2002,"March",3,27,50,222,21,50,211,"gop","Mar",1147.390015,5.7
2002,"April",4,27,50,222,21,50,211,"gop","Apr",1076.920044,5.9
2002,"May",5,27,50,222,21,50,211,"gop","May",1067.140015,5.8
2002,"June",6,27,50,222,21,50,211,"gop","Jun",989.820007,5.8
2002,"July",7,27,50,222,21,50,211,"gop","Jul",911.619995,5.8
2002,"August",8,27,50,222,21,50,211,"gop","Aug",916.070007,5.7
2002,"September",9,27,50,222,21,50,211,"gop","Sep",815.280029,5.7
2002,"October",10,27,50,222,21,50,211,"gop","Oct",885.76001,5.7
2002,"November",11,27,50,222,21,50,211,"gop","Nov",936.309998,5.9
2002,"December",12,27,50,222,21,50,211,"gop","Dec",879.820007,6
2003,"January",1,26,51,231,24,48,203,"gop","Jan",855.700012,5.8
2003,"February",2,26,51,231,24,48,203,"gop","Feb",841.150024,5.9
2003,"March",3,26,51,231,24,48,203,"gop","Mar",848.179993,5.9
2003,"April",4,26,51,231,24,48,203,"gop","Apr",916.919983,6
2003,"May",5,26,51,231,24,48,203,"gop","May",963.590027,6.1
2003,"June",6,26,51,231,24,48,203,"gop","Jun",974.5,6.3
2003,"July",7,26,51,231,24,48,203,"gop","Jul",990.309998,6.2
2003,"August",8,26,51,231,24,48,203,"gop","Aug",1008.01001,6.1
2003,"September",9,26,51,231,25,48,203,"gop","Sep",995.969971,6.1
2003,"October",10,26,51,231,25,48,203,"gop","Oct",1050.709961,6
2003,"November",11,27,51,231,25,48,203,"gop","Nov",1058.199951,5.8
2003,"December",12,27,51,231,25,48,203,"gop","Dec",1111.920044,5.7
2004,"January",1,28,51,229,22,48,203,"gop","Jan",1131.130005,5.7
2004,"February",2,28,51,229,22,48,203,"gop","Feb",1144.939941,5.6
2004,"March",3,28,51,229,22,48,204,"gop","Mar",1126.209961,5.8
2004,"April",4,28,51,229,22,48,204,"gop","Apr",1107.300049,5.6
2004,"May",5,28,51,229,22,48,204,"gop","May",1120.680054,5.6
2004,"June",6,28,51,229,22,48,204,"gop","Jun",1140.839966,5.6
2004,"July",7,29,51,229,22,48,204,"gop","Jul",1101.719971,5.5
2004,"August",8,29,51,229,22,48,205,"gop","Aug",1104.23999,5.4
2004,"September",9,29,51,229,22,48,205,"gop","Sep",1114.579956,5.4
2004,"October",10,29,51,229,22,48,205,"gop","Oct",1130.199951,5.5
2004,"November",11,29,51,229,23,48,205,"gop","Nov",1173.819946,5.4
2004,"December",12,29,51,229,23,48,205,"gop","Dec",1211.920044,5.4
2005,"January",1,28,54,232,22,45,201,"gop","Jan",1181.27002,5.3
2005,"February",2,28,54,232,22,45,201,"gop","Feb",1203.599976,5.4
2005,"March",3,28,54,232,22,45,202,"gop","Mar",1180.589966,5.2
2005,"April",4,28,54,232,22,45,202,"gop","Apr",1156.849976,5.2
2005,"May",5,28,54,231,22,45,202,"gop","May",1191.5,5.1
2005,"June",6,28,54,231,22,45,202,"gop","Jun",1191.329956,5
2005,"July",7,28,54,231,22,45,202,"gop","Jul",1234.180054,5
2005,"August",8,28,54,231,22,45,202,"gop","Aug",1220.329956,4.9
2005,"September",9,28,54,232,22,45,202,"gop","Sep",1228.810059,5
2005,"October",10,28,54,232,22,45,202,"gop","Oct",1207.01001,5
2005,"November",11,28,54,232,22,45,202,"gop","Nov",1249.47998,5
2005,"December",12,28,54,232,22,45,202,"gop","Dec",1248.290039,4.9
2006,"January",1,28,54,231,22,45,201,"gop","Jan",1280.079956,4.7
2006,"February",2,28,54,231,22,45,201,"gop","Feb",1280.660034,4.8
2006,"March",3,28,54,231,22,45,201,"gop","Mar",1294.869995,4.7
2006,"April",4,28,54,231,22,45,201,"gop","Apr",1310.609985,4.7
2006,"May",5,28,54,231,22,45,201,"gop","May",1270.089966,4.6
2006,"June",6,28,54,231,22,45,201,"gop","Jun",1270.199951,4.6
2006,"July",7,28,54,231,22,45,201,"gop","Jul",1276.660034,4.7
2006,"August",8,28,54,231,22,45,201,"gop","Aug",1303.819946,4.7
2006,"September",9,28,54,231,22,45,201,"gop","Sep",1335.849976,4.5
2006,"October",10,28,54,231,22,45,201,"gop","Oct",1377.939941,4.4
2006,"November",11,28,54,232,22,45,202,"gop","Nov",1400.630005,4.5
2006,"December",12,28,54,232,22,45,202,"gop","Dec",1418.300049,4.4
2007,"January",1,22,48,201,28,50,233,"gop","Jan",1438.23999,4.6
2007,"February",2,22,48,201,28,50,233,"gop","Feb",1406.819946,4.5
2007,"March",3,22,48,201,28,50,233,"gop","Mar",1420.859985,4.4
2007,"April",4,22,48,201,28,50,233,"gop","Apr",1482.369995,4.5
2007,"May",5,22,48,201,28,50,232,"gop","May",1530.619995,4.4
2007,"June",6,22,47,201,28,50,232,"gop","Jun",1503.349976,4.6
2007,"July",7,22,48,201,28,50,232,"gop","Jul",1455.27002,4.7
2007,"August",8,22,48,202,28,50,232,"gop","Aug",1473.98999,4.6
2007,"September",9,22,48,202,28,50,233,"gop","Sep",1526.75,4.7
2007,"October",10,22,48,202,28,50,233,"gop","Oct",1549.380005,4.7
2007,"November",11,22,48,202,28,50,234,"gop","Nov",1481.140015,4.7
2007,"December",12,22,48,202,28,50,234,"gop","Dec",1468.359985,5
2008,"January",1,22,48,198,28,50,231,"gop","Jan",1378.550049,5
2008,"February",2,22,48,198,28,50,231,"gop","Feb",1330.630005,4.9
2008,"March",3,22,48,198,28,50,233,"gop","Mar",1322.699951,5.1
2008,"April",4,22,48,198,28,50,234,"gop","Apr",1385.589966,5
2008,"May",5,22,48,199,28,50,235,"gop","May",1400.380005,5.4
2008,"June",6,22,48,199,28,50,235,"gop","Jun",1280,5.6
2008,"July",7,22,48,199,28,50,236,"gop","Jul",1267.380005,5.8
2008,"August",8,22,48,199,28,50,236,"gop","Aug",1282.829956,6.1
2008,"September",9,22,48,199,28,50,236,"gop","Sep",1166.359985,6.1
2008,"October",10,22,48,199,28,50,236,"gop","Oct",968.75,6.5
2008,"November",11,22,48,199,28,50,236,"gop","Nov",896.23999,6.8
2008,"December",12,22,48,199,28,50,236,"gop","Dec",903.25,7.3
2009,"January",1,22,40,179,28,57,254,"dem","Jan",825.880005,7.8
2009,"February",2,22,40,179,28,57,254,"dem","Feb",735.090027,8.3
2009,"March",3,22,40,179,28,57,253,"dem","Mar",797.869995,8.7
2009,"April",4,22,40,179,28,57,254,"dem","Apr",872.809998,9
2009,"May",5,22,40,179,28,57,255,"dem","May",919.140015,9.4
2009,"June",6,22,40,179,28,57,255,"dem","Jun",919.320007,9.5
2009,"July",7,22,40,179,28,58,254,"dem","Jul",987.47998,9.5
2009,"August",8,24,40,179,28,58,255,"dem","Aug",1020.619995,9.6
2009,"September",9,24,41,179,28,58,255,"dem","Sep",1057.079956,9.8
2009,"October",10,24,41,179,28,59,255,"dem","Oct",1036.189941,10
2009,"November",11,24,41,179,28,59,257,"dem","Nov",1095.630005,9.9
2009,"December",12,24,41,179,28,59,257,"dem","Dec",1115.099976,9.9
2010,"January",1,24,41,178,26,57,255,"dem","Jan",1073.869995,9.8
2010,"February",2,24,41,178,26,57,255,"dem","Feb",1104.48999,9.8
2010,"March",3,24,41,178,26,57,253,"dem","Mar",1169.430054,9.9
2010,"April",4,24,41,177,26,57,254,"dem","Apr",1186.689941,9.9
2010,"May",5,24,41,177,26,57,254,"dem","May",1089.410034,9.6
2010,"June",6,24,41,178,26,57,255,"dem","Jun",1030.709961,9.4
2010,"July",7,24,41,178,26,56,255,"dem","Jul",1101.599976,9.4
2010,"August",8,24,41,178,26,57,255,"dem","Aug",1049.329956,9.5
2010,"September",9,24,41,178,26,57,255,"dem","Sep",1141.199951,9.5
2010,"October",10,24,41,178,26,57,255,"dem","Oct",1183.26001,9.4
2010,"November",11,24,41,178,27,59,255,"dem","Nov",1180.550049,9.8
2010,"December",12,24,41,178,27,59,255,"dem","Dec",1257.640015,9.3
2011,"January",1,29,47,241,21,51,193,"dem","Jan",1286.119995,9.2
2011,"February",2,29,47,241,21,51,193,"dem","Feb",1327.219971,9
2011,"March",3,29,47,241,21,51,192,"dem","Mar",1325.829956,9
2011,"April",4,29,47,241,21,51,192,"dem","Apr",1363.609985,9.1
2011,"May",5,29,47,240,21,51,192,"dem","May",1345.199951,9
2011,"June",6,29,47,240,21,51,193,"dem","Jun",1320.640015,9.1
2011,"July",7,29,47,240,21,51,192,"dem","Jul",1292.280029,9
2011,"August",8,29,47,240,21,51,193,"dem","Aug",1218.890015,9
2011,"September",9,29,47,242,21,51,193,"dem","Sep",1131.420044,9
2011,"October",10,29,47,242,21,51,193,"dem","Oct",1253.300049,8.8
2011,"November",11,29,47,242,21,51,193,"dem","Nov",1246.959961,8.6
2011,"December",12,29,47,242,21,51,193,"dem","Dec",1257.599976,8.5
2012,"January",1,29,47,242,21,51,192,"dem","Jan",1312.410034,8.3
2012,"February",2,29,47,242,21,51,192,"dem","Feb",1365.680054,8.3
2012,"March",3,29,47,242,21,51,191,"dem","Mar",1408.469971,8.2
2012,"April",4,29,47,242,21,51,190,"dem","Apr",1397.910034,8.2
2012,"May",5,29,47,242,21,51,190,"dem","May",1310.329956,8.2
2012,"June",6,29,47,242,21,51,191,"dem","Jun",1362.160034,8.2
2012,"July",7,29,47,242,21,51,191,"dem","Jul",1379.319946,8.2
2012,"August",8,29,47,242,21,51,191,"dem","Aug",1406.579956,8
2012,"September",9,29,47,242,21,51,191,"dem","Sep",1440.670044,7.8
2012,"October",10,29,47,242,21,51,191,"dem","Oct",1412.160034,7.8
2012,"November",11,29,47,243,21,51,194,"dem","Nov",1416.180054,7.7
2012,"December",12,29,47,243,21,51,194,"dem","Dec",1426.189941,7.9
2013,"January",1,30,45,232,20,53,200,"dem","Jan",1498.109985,8
2013,"February",2,30,45,232,20,53,200,"dem","Feb",1514.680054,7.7
2013,"March",3,30,45,232,20,53,200,"dem","Mar",1569.189941,7.5
2013,"April",4,30,45,232,20,53,201,"dem","Apr",1597.569946,7.6
2013,"May",5,30,45,233,20,53,201,"dem","May",1630.73999,7.5
2013,"June",6,30,46,234,20,52,201,"dem","Jun",1606.280029,7.5
2013,"July",7,30,46,234,20,52,201,"dem","Jul",1685.72998,7.3
2013,"August",8,30,46,234,20,53,201,"dem","Aug",1632.969971,7.2
2013,"September",9,30,46,234,20,53,201,"dem","Sep",1681.550049,7.2
2013,"October",10,30,46,234,20,53,201,"dem","Oct",1756.540039,7.2
2013,"November",11,30,46,234,20,54,201,"dem","Nov",1805.810059,7
2013,"December",12,30,46,234,20,54,201,"dem","Dec",1848.359985,6.7
2014,"January",1,29,45,232,21,53,200,"dem","Jan",1782.589966,6.6
2014,"February",2,29,45,232,21,53,200,"dem","Feb",1859.449951,6.7
2014,"March",3,29,45,233,21,53,199,"dem","Mar",1872.339966,6.6
2014,"April",4,29,45,233,21,53,199,"dem","Apr",1883.949951,6.2
2014,"May",5,29,45,233,21,53,199,"dem","May",1923.569946,6.3
2014,"June",6,29,45,233,21,53,199,"dem","Jun",1960.22998,6.1
2014,"July",7,29,45,234,21,53,199,"dem","Jul",1930.670044,6.2
2014,"August",8,29,45,234,21,53,199,"dem","Aug",2003.369995,6.1
2014,"September",9,29,45,234,21,53,199,"dem","Sep",1972.290039,5.9
2014,"October",10,29,45,234,21,53,199,"dem","Oct",2018.050049,5.7
2014,"November",11,29,45,235,21,53,201,"dem","Nov",2067.560059,5.8
2014,"December",12,29,45,235,21,53,201,"dem","Dec",2058.899902,5.6
2015,"January",1,31,54,245,18,44,188,"dem","Jan",1994.98999,5.7
2015,"February",2,31,54,245,18,44,188,"dem","Feb",2104.5,5.5
2015,"March",3,31,54,245,18,44,188,"dem","Mar",2067.889893,5.5
2015,"April",4,31,54,244,18,44,188,"dem","Apr",2085.51001,5.4
2015,"May",5,31,54,245,18,44,188,"dem","May",2107.389893,5.5
2015,"June",6,31,54,246,18,44,188,"dem","Jun",2063.110107,5.3
